{
  "timestamp": "2025-12-07 17:55:53",
  "results": [
    {
      "search_method": "Hybrid Search (BM25 + KNN)",
      "num_queries": 25,
      "avg_precision_at_5": 0.976,
      "avg_precision_at_10": 0.5,
      "avg_recall_at_10": 1.0,
      "avg_recall_at_20": 1.0,
      "avg_ndcg_at_10": 0.9972177460174797,
      "avg_mrr": 1.0,
      "avg_latency_ms": 98.21332931518555,
      "median_latency_ms": 91.72296524047852,
      "p95_latency_ms": 132.27720260620117,
      "p99_latency_ms": 160.34496307373038,
      "min_latency_ms": 61.87295913696289,
      "max_latency_ms": 169.14844512939453
    },
    {
      "search_method": "Semantic Search (SPECTER)",
      "num_queries": 25,
      "avg_precision_at_5": 0.2,
      "avg_precision_at_10": 0.14,
      "avg_recall_at_10": 0.28,
      "avg_recall_at_20": 0.36,
      "avg_ndcg_at_10": 0.29824493422161585,
      "avg_mrr": 0.5836363636363636,
      "avg_latency_ms": 37.10831642150879,
      "median_latency_ms": 34.08098220825195,
      "p95_latency_ms": 52.726745605468736,
      "p99_latency_ms": 57.172574996948235,
      "min_latency_ms": 28.26380729675293,
      "max_latency_ms": 58.32505226135254
    },
    {
      "search_method": "Keyword Search (BM25)",
      "num_queries": 25,
      "avg_precision_at_5": 0.968,
      "avg_precision_at_10": 0.5,
      "avg_recall_at_10": 1.0,
      "avg_recall_at_20": 1.0,
      "avg_ndcg_at_10": 0.9971218330614,
      "avg_mrr": 1.0,
      "avg_latency_ms": 421.224308013916,
      "median_latency_ms": 429.4593334197998,
      "p95_latency_ms": 672.3476409912108,
      "p99_latency_ms": 694.4340324401855,
      "min_latency_ms": 108.25943946838379,
      "max_latency_ms": 697.7825164794922
    }
  ]
}